model,accuracy,macro_f1,weighted_f1,f1_差评,f1_好评,precision_差评,precision_好评,recall_差评,recall_好评
textcnn,0.8264285714285714,0.7489349217177315,0.8349769838034621,0.609450337512054,0.8884195059234089,0.535593220338983,0.9248565965583174,0.7069351230425056,0.854744654532603
bigru_attn,0.8287142857142857,0.7434806162516782,0.8346922605489618,0.5956155143338955,0.8913457181694608,0.5437192118226601,0.9148065476190476,0.6584638329604773,0.8690581374801202
MultinomialNB,0.8387133055899224,0.8386117788735394,0.8386113235967844,0.8345639132441163,0.8426596445029625,0.8567029843675983,0.8224459198971943,0.8135402609086819,0.8638920134983127
LinearSVC,0.8477111685974581,0.8476728584081994,0.8476725867047294,0.8452571428571428,0.850088573959256,0.8592007434944238,0.8369304556354916,0.8317588843904633,0.8636670416197976
XGBoost,0.8116072432797211,0.8114255244831174,0.8114261828845545,0.8172793716592124,0.8055716773070226,0.7934759584833722,0.8321342925659473,0.8425551057130004,0.7806524184476941
